image_id,question_type,question,ground_truth,image_url,n_clusters,n_noise,attention_entropy,token_confidence,predicted_token,cluster_count,cluster_0_n_points,cluster_0_avg_strength,cluster_1_n_points,cluster_1_avg_strength,cluster_2_n_points,cluster_2_avg_strength,cluster_3_n_points,cluster_3_avg_strength,cluster_0_entropy,cluster_1_entropy,cluster_2_entropy,cluster_3_entropy,cluster_4_n_points,cluster_4_avg_strength,cluster_5_n_points,cluster_5_avg_strength,cluster_4_entropy,cluster_5_entropy,cluster_6_n_points,cluster_6_avg_strength,cluster_6_entropy,cluster_7_n_points,cluster_7_avg_strength,cluster_8_n_points,cluster_8_avg_strength,cluster_7_entropy,cluster_8_entropy,cluster_9_n_points,cluster_9_avg_strength,cluster_9_entropy,cluster_10_n_points,cluster_10_avg_strength,cluster_11_n_points,cluster_11_avg_strength,cluster_10_entropy,cluster_11_entropy,cluster_12_n_points,cluster_12_avg_strength,cluster_13_n_points,cluster_13_avg_strength,cluster_12_entropy,cluster_13_entropy
0,Object Counting,How many cats are in the image?,2,http://images.cocodataset.org/val2017/000000039769.jpg,4,126,0.9984525216686791,-0.16347815096378326,,4,23.0,0.001976764984448245,314.0,0.0019727529835321398,74.0,0.0019689848198504,15.0,0.001969630531868569,0.9370919134731258,0.9786610970601608,0.972809320381883,0.8830374409547587,,,,,,,,,,,,,,,,,,,,,,,,,,,,,,
1,Object Counting,How many people are visible?,4,http://images.cocodataset.org/val2017/000000334555.jpg,6,181,0.9983313790353499,-0.16581358015537262,,6,18.0,0.0019525982521584548,23.0,0.0019455034372066742,15.0,0.0019341301853241905,45.0,0.001943772348303292,0.9656336071428251,0.9165560589029497,0.944623214254579,0.9647912617455778,57.0,0.00194692460361902,212.0,0.0019559217069927437,0.972958529040922,0.9808039327757078,,,,,,,,,,,,,,,,,,,,,,,,
2,Object Counting,How many elephants are present?,3,http://images.cocodataset.org/val2017/000000025393.jpg,7,146,0.9992795023706162,-0.09236517548561096,,7,114.0,0.0018889585049507722,40.0,0.0018772718178762637,19.0,0.001884553756944761,31.0,0.0019090311044891088,0.9733564632950069,0.9971731337509392,0.9720048748581784,0.9563105902868927,21.0,0.001891392509498061,47.0,0.001893791195168464,0.9907017951253161,0.9790982143965753,28.0,0.0018637823025346482,0.973063882998454,,,,,,,,,,,,,,,,,,,,,
3,Object Identification,What animal is shown?,elephant,http://images.cocodataset.org/val2017/000000025393.jpg,9,178,0.9930994632998279,-0.9583725929260254,Human,9,46.0,0.002082203918942012,16.0,0.0020445899525998908,8.0,0.0020438286705278357,150.0,0.002067020136605238,0.9619168479359933,0.9681390622295665,0.954434002924965,0.975928382012634,26.0,0.002087824448917027,17.0,0.0020576337371475063,0.9563658998837449,0.9363348190250749,17.0,0.002075689294965509,0.9603948809345499,16.0,0.002048097697815928,8.0,0.0020376868102966496,0.9528195311147832,0.954434002924965,,,,,,,,,,,,,,,
4,Object Identification,What vehicle is in the image?,bus,http://images.cocodataset.org/val2017/000000109798.jpg,6,339,0.989252696598941,-1.2723608016967773,None,6,23.0,0.0025689343723468605,32.0,0.0024607597526070018,18.0,0.0026250742033338847,15.0,0.0024655453178848495,0.9394131210000187,0.9728816777695023,0.872009434056298,0.9161314485121343,32.0,0.0024616075097476956,29.0,0.0025368440239196973,0.9745983135651328,0.9984672906700829,,,,,,,,,,,,,,,,,,,,,,,,
6,Object Identification,What is the main furniture item?,bed,http://images.cocodataset.org/val2017/000000356347.jpg,10,192,0.994520228382608,-1.3739625215530396,Table,10,16.0,0.00239199326147729,17.0,0.0027614968826626227,32.0,0.002628819530382602,36.0,0.002514411948460271,0.9618974703476992,0.9975025463691152,0.9631198078956369,0.9752994838251958,30.0,0.0024103239192320796,34.0,0.0024238595013498557,0.9535848875889044,0.9792171830657912,16.0,0.0024004374816973422,0.9772170014624824,59.0,0.002470096216460923,15.0,0.0023899033067311132,0.9890105033058391,0.9609640474436811,16.0,0.002486251096983444,0.985056822321508,,,,,,,,,,,,
7,Object Detection,What is on the desk?,laptop,http://images.cocodataset.org/val2017/000000231339.jpg,6,108,0.9972610381297952,-2.4415197372436523,B,6,239.0,0.001991151805969578,16.0,0.0019677080587954827,117.0,0.0019980290236256194,69.0,0.001987953045465933,0.9799364621372744,0.9681390622295665,0.9728357929580806,0.9593281922824868,4.0,0.0019334299031286964,18.0,0.0019715226461390596,1.0,0.9625632797054146,,,,,,,,,,,,,,,,,,,,,,,,
8,Object Detection,What electronic device is visible?,laptop,http://images.cocodataset.org/val2017/000000459467.jpg,2,276,0.9903620577693626,-2.3961148262023926,Camera,2,28.0,0.0025998474115462,16.0,0.0028843049205210343,,,,,0.9161571110222422,0.8194483718728035,,,,,,,,,,,,,,,,,,,,,,,,,,,,,,,,
10,Object Counting,How many umbrellas are visible?,1,http://images.cocodataset.org/val2017/000000285894.jpg,5,200,0.9988892895268683,-0.10061411559581757,,5,203.0,0.0019438097043009935,55.0,0.0019251618364176924,15.0,0.0019213856286991664,42.0,0.001927939008386546,0.9741645479941707,0.9619884921438723,0.9877812438119247,0.9772639907189978,25.0,0.0019215741046081163,,,0.9745455500297384,,,,,,,,,,,,,,,,,,,,,,,,,
11,Object Identification,What appliance is in the kitchen?,refrigerator,http://images.cocodataset.org/val2017/000000322844.jpg,7,144,0.9988540045359633,-1.7665035724639893,Re,7,243.0,0.0018973852566737206,15.0,0.0018952248509736557,16.0,0.0018800214617680409,30.0,0.0018921656942345207,0.982439138013083,0.9189900464321514,0.9414280318460245,0.9519498492067907,15.0,0.0018658617744380715,23.0,0.0018919849735386392,0.9949490477321437,0.9863237070924824,17.0,0.0018815577680074299,0.9327185526599537,,,,,,,,,,,,,,,,,,,,,
12,Object Identification,What sport equipment is shown?,tennis racket,http://images.cocodataset.org/val2017/000000018737.jpg,4,79,0.9730597227687293,-0.5178846120834351,Motor,4,22.0,0.0034838657476823675,410.0,0.004100721166168593,17.0,0.003835309566641326,15.0,0.0038041204896292094,0.9622685331640485,0.9774527311180042,0.9256134079485958,0.9654013672997089,,,,,,,,,,,,,,,,,,,,,,,,,,,,,,
13,Object Counting,How many vehicles are parked?,2,http://images.cocodataset.org/val2017/000000109798.jpg,8,211,0.9982682728859307,-0.11452944576740265,,8,15.0,0.0019767329039168282,15.0,0.0019887887542667086,25.0,0.0019500137727341666,30.0,0.001955250997368483,0.8024677973715656,0.7835807040488099,0.9820988001732522,0.9715270798158865,28.0,0.0019537386106560873,87.0,0.001963181419113877,0.9880269590517888,0.9897343919499333,32.0,0.001961788865575965,0.9709885115240869,14.0,0.00195364919646851,,,0.995232557322099,,,,,,,,,,,,,,,,
14,Object Identification,What is the person riding?,surfboard,http://images.cocodataset.org/val2017/000000361268.jpg,3,257,0.9975577596579849,-1.7870800495147705,Car,3,51.0,0.001984832483860842,29.0,0.002012819689880559,20.0,0.0019774081447052117,,,0.9746348129795255,0.9296206283169549,0.9843006345716333,,,,,,,,,,,,,,,,,,,,,,,,,,,,,,,
15,Color Recognition,What color is the umbrella?,red,http://images.cocodataset.org/val2017/000000285894.jpg,4,235,0.9937670320732691,-0.8105772733688354,Black,4,19.0,0.0027253477732971897,15.0,0.002669590003353523,56.0,0.0029239955022570254,15.0,0.002332515133517854,0.9119149038015315,0.9654013672997089,0.9536191151940505,0.9859247724121322,,,,,,,,,,,,,,,,,,,,,,,,,,,,,,
16,Color Recognition,What color is the bus?,red,http://images.cocodataset.org/val2017/000000109798.jpg,2,243,0.8994666739718927,-1.0215301513671875,Brown,2,35.0,0.009682993228246293,16.0,0.017437581279951785,,,,,0.9734984015512516,0.7743974703476992,,,,,,,,,,,,,,,,,,,,,,,,,,,,,,,,
17,Attribute Recognition,Is the cat sitting or standing?,sitting,http://images.cocodataset.org/val2017/000000039769.jpg,3,254,0.9957071197502152,-1.0460854768753052,The,3,16.0,0.0028955771723785145,28.0,0.002473557028065343,77.0,0.002485932425176353,,,1.0,0.9626529871527121,0.9754041501387094,,,,,,,,,,,,,,,,,,,,,,,,,,,,,,,
19,Attribute Recognition,Is the laptop open or closed?,open,http://images.cocodataset.org/val2017/000000231339.jpg,3,218,0.9749753868123497,-0.8576808571815491,Cl,3,15.0,0.005478181341379804,25.0,0.009755246216144414,21.0,0.009863231406896666,,,0.9473080736174851,0.8845112106481056,0.866777537176124,,,,,,,,,,,,,,,,,,,,,,,,,,,,,,,
20,Material Recognition,What material is the table made of?,wood,http://images.cocodataset.org/val2017/000000087038.jpg,2,304,0.9939333973733802,-0.7727022171020508,Wood,2,15.0,0.0023488971269015743,18.0,0.0030119233067741236,,,,,0.982798115178801,0.9910760598382222,,,,,,,,,,,,,,,,,,,,,,,,,,,,,,,,
21,Attribute Recognition,Is the dog standing or lying down?,standing,http://images.cocodataset.org/val2017/000000017627.jpg,5,111,0.9976898482418126,-0.9240835309028625,Stand,5,71.0,0.0019339647135347795,48.0,0.0019312376794182557,226.0,0.0019288606082970908,10.0,0.0019267002503372238,0.9605572477565936,0.9477537982622259,0.9770475936468743,1.0,12.0,0.0019249979071221653,,,0.9358932809493993,,,,,,,,,,,,,,,,,,,,,,,,,
22,Size Comparison,"Which is larger, the refrigerator or the microwave?",refrigerator,http://images.cocodataset.org/val2017/000000322844.jpg,6,238,0.9957721092180953,-0.5223316550254822,Re,6,43.0,0.002475113286997498,50.0,0.002449208604052758,23.0,0.002419885308319865,16.0,0.0023859202038018883,0.9866222635959608,0.9641288275511958,0.9718864326999251,0.9681390622295665,8.0,0.0022147649395549114,13.0,0.002349999137544139,0.9463946303571862,0.99473723787795,,,,,,,,,,,,,,,,,,,,,,,,
23,Color Recognition,What color are the traffic lights?,red,http://images.cocodataset.org/val2017/000000138819.jpg,6,166,0.9841692462217702,-0.8728827238082886,Green,6,64.0,0.002912318491171458,19.0,0.0029517019391725333,100.0,0.002839876183326341,14.0,0.0029626718821444097,0.971936172706242,0.94841021822029,0.9837663972588633,0.8699155297736259,16.0,0.0026910572800267576,15.0,0.002662345942544296,0.9822177815287605,0.9859247724121322,,,,,,,,,,,,,,,,,,,,,,,,
24,Attribute Recognition,Is the bed made or unmade?,unmade,http://images.cocodataset.org/val2017/000000356347.jpg,3,199,0.9903226899078477,-0.9430472254753113,Un,3,135.0,0.0025164442692225597,45.0,0.002422407744832848,15.0,0.0023656779128706468,,,0.9839044941183284,0.9549517704344277,0.9718495448242642,,,,,,,,,,,,,,,,,,,,,,,,,,,,,,,
25,Color Recognition,What color is the skateboard?,black,http://images.cocodataset.org/val2017/000000502136.jpg,10,227,0.9963249427232477,-1.3833051919937134,Black,10,51.0,0.0023153056316754547,41.0,0.0022555372820273006,20.0,0.0022590598279840883,31.0,0.002184649053617573,0.9716361073088428,0.9870308032586214,0.9854752972273344,0.9709233667403101,11.0,0.002318245296037026,15.0,0.0023973727401671143,0.8453509366224364,0.9967916319816366,15.0,0.0022373785899800383,0.9877812438119247,17.0,0.00218926724790955,25.0,0.0022293654128127415,0.9856676426534905,1.0,20.0,0.0022104760010708837,1.0,,,,,,,,,,,,
26,Attribute Recognition,Is the door open or closed?,closed,http://images.cocodataset.org/val2017/000000322864.jpg,6,152,0.9810178465061079,-1.3346036672592163,Open,6,200.0,0.00435917161525315,15.0,0.0030957122899589414,8.0,0.003695572283929226,27.0,0.0037286461237979723,0.9797677981868919,0.9473080736174853,0.954434002924965,0.9595229267574499,21.0,0.004448717022106829,20.0,0.004360707385211402,0.9566859396996199,0.9630603734213402,,,,,,,,,,,,,,,,,,,,,,,,
27,Spatial Reasoning,Is the laptop to the left or right of the mouse?,left,http://images.cocodataset.org/val2017/000000459467.jpg,2,299,0.9975059232690122,-1.1595284938812256,Left,2,20.0,0.002855527888491498,21.0,0.002566218219174891,,,,,0.9545258142257613,0.9907017951253161,,,,,,,,,,,,,,,,,,,,,,,,,,,,,,,,
28,Spatial Reasoning,Where is the clock located?,on wall,http://images.cocodataset.org/val2017/000000481390.jpg,9,270,0.9967509006869641,-2.522271156311035,Basketball,9,16.0,0.0022366721729044662,15.0,0.0023995988194714353,13.0,0.002334767933906893,16.0,0.0021343518615577007,0.9681390622295665,0.8024677973715656,0.8956403056385981,0.9822177815287605,49.0,0.002443355136616126,23.0,0.0024583767273239463,0.9490611806585744,0.9251735116075492,32.0,0.0023016280669819252,0.9601052017022957,15.0,0.002283223143597459,24.0,0.002353951256275535,0.9877812438119246,0.942631203937882,,,,,,,,,,,,,,,
29,Spatial Reasoning,Is the dog in front of or behind the person?,in front,http://images.cocodataset.org/val2017/000000017627.jpg,9,141,0.9871831614677953,-1.1247732639312744,Be,9,24.0,0.002371159369457011,67.0,0.0023878328526867132,142.0,0.0023449596254737255,105.0,0.0023575076324272495,0.9320027314271102,0.9764107778567888,0.9802834294207009,0.9846795905823009,48.0,0.0023568250434338445,33.0,0.002390069918649081,0.961049904015147,0.9962859311888502,24.0,0.002372527843023995,0.9323934896284055,30.0,0.00239475566124734,14.0,0.002379884841909425,0.947730922119161,0.9402859586706311,,,,,,,,,,,,,,,
30,Relational Reasoning,What is the person holding?,phone,http://images.cocodataset.org/val2017/000000532855.jpg,4,131,0.9973867874669364,-1.1235735416412354,Sk,4,212.0,0.001983219274095881,40.0,0.001971048441112349,64.0,0.0019826522728827217,21.0,0.002003541329372324,0.9834679761370183,0.9791568438604685,0.9842997426673766,0.8881659264001538,,,,,,,,,,,,,,,,,,,,,,,,,,,,,,
31,Relational Reasoning,What is the person wearing on their head?,helmet,http://images.cocodataset.org/val2017/000000502136.jpg,5,276,0.9940912699356195,-1.5945175886154175,Head,5,22.0,0.0021492836183920148,49.0,0.002154450950401845,15.0,0.002195081494755248,23.0,0.0021356014495670823,0.97283015230032,0.9647643370974266,0.9709505944546686,0.9359550701662825,15.0,0.0020923966091685275,,,0.9473080736174853,,,,,,,,,,,,,,,,,,,,,,,,,
32,Spatial Reasoning,Where is the vase positioned?,on table,http://images.cocodataset.org/val2017/000000087038.jpg,5,204,0.9330212154673517,-1.5506253242492676,Sk,5,30.0,0.006221517411005346,61.0,0.00633777616980521,46.0,0.006183782124351273,37.0,0.007171182844609027,0.95506054831303,0.9648469124911674,0.9492907746446158,0.9405621860960888,26.0,0.00877187966176193,,,0.9010228122187913,,,,,,,,,,,,,,,,,,,,,,,,,
33,Relational Reasoning,What is next to the laptop?,mouse,http://images.cocodataset.org/val2017/000000459467.jpg,7,181,0.9839873205853596,-2.2526142597198486,A,7,16.0,0.0024674740030580043,195.0,0.002500298847500613,12.0,0.002515323121071135,3.0,0.0024230039533256953,0.9414280318460245,0.9744758733576269,0.9182958340544896,0.0,49.0,0.0024707124746836872,29.0,0.002484195565930725,0.9675464361025827,0.9616288546721373,19.0,0.002477826973134402,0.9495113755878275,,,,,,,,,,,,,,,,,,,,,
34,Spatial Reasoning,Is the umbrella above or below the person?,above,http://images.cocodataset.org/val2017/000000285894.jpg,6,189,0.9921505133391362,-0.6435895562171936,Below,6,131.0,0.0023325815163920275,123.0,0.0023657557393121386,18.0,0.002337278356107811,20.0,0.002387584907627828,0.9748551489189368,0.9689819491614642,0.9915323997298832,0.9976834773764092,13.0,0.0022514598568659293,34.0,0.0023372302126241653,0.962947015626608,0.989224860370308,,,,,,,,,,,,,,,,,,,,,,,,
35,Relational Reasoning,What is on top of the refrigerator?,microwave,http://images.cocodataset.org/val2017/000000322844.jpg,10,192,0.9971987080166275,-1.7129127979278564,A,10,31.0,0.0019984472489779884,18.0,0.0020005620761233875,13.0,0.0019760667693187873,17.0,0.001983164664048345,0.98916048610723,0.9758159039662214,0.9629470156266078,0.9327185526599537,46.0,0.0019873855759455837,56.0,0.002013104967675407,0.9767004979275261,0.9536191151940505,82.0,0.001993446411165003,0.9939441310574781,45.0,0.001993081605784027,15.0,0.001993943265302697,0.9854550585670941,0.9189900464321514,19.0,0.002004056989519981,0.9649618403823442,,,,,,,,,,,,
36,Spatial Reasoning,Is the cat on the left or right side?,left,http://images.cocodataset.org/val2017/000000039769.jpg,7,191,0.9988139076872091,-0.33884531259536743,Left,7,50.0,0.0019411207863603943,15.0,0.002001215121546616,15.0,0.0019358445500262148,8.0,0.0019529493726218917,0.9880115929988659,0.7835807040488099,0.9664572819896989,0.8112781244591328,37.0,0.0019396947938182525,59.0,0.0019444398691575054,0.9925299029597374,0.9802967355611565,24.0,0.0019450047115644783,0.9744707946273874,,,,,,,,,,,,,,,,,,,,,
37,Relational Reasoning,What is the person sitting on?,bench,http://images.cocodataset.org/val2017/000000334555.jpg,12,218,0.9982675256869102,-1.1142364740371704,Car,12,50.0,0.0019223254010935706,37.0,0.0019241333692561105,15.0,0.0019133130586874057,54.0,0.0019106329974932289,0.9824369259168408,0.9918012987001761,0.9602297178607612,0.9819129118082591,23.0,0.001918478501724771,33.0,0.0019262858628435284,0.9978904239542103,0.942817802427928,27.0,0.0019301116632590408,0.9946468165806768,31.0,0.0019114780986507257,13.0,0.0019356070405649834,0.9719442553087106,0.8904916402194913,22.0,0.0019183528383507895,0.9904129681145393,26.0,0.001927777903426335,10.0,0.0019330444505301358,0.9938866857439921,0.7219280948873623,,,,,,
39,Relational Reasoning,What is beside the bed?,nightstand,http://images.cocodataset.org/val2017/000000356347.jpg,3,327,0.9971412604442126,-2.1762664318084717,a,3,67.0,0.0022645566817521977,44.0,0.0022136000023279573,15.0,0.002108505484833612,,,0.9691951753994413,0.9744104328051626,0.9859247724121322,,,,,,,,,,,,,,,,,,,,,,,,,,,,,,,
40,Spatial Reasoning,Is the sign above or below the traffic light?,below,http://images.cocodataset.org/val2017/000000138819.jpg,3,74,0.9980612036724201,-0.7311973571777344,A,3,312.0,0.002105872202632148,97.0,0.002059055365285304,25.0,0.0021121958046141187,,,0.9823144639364968,0.9915657733416531,0.9470920204059348,,,,,,,,,,,,,,,,,,,,,,,,,,,,,,,
41,Relational Reasoning,What is the elephant standing on?,ground,http://images.cocodataset.org/val2017/000000025393.jpg,1,240,0.9988189874180118,-1.8168926239013672,Side,1,31.0,0.0029262654061171624,,,,,,,0.8918448672023285,,,,,,,,,,,,,,,,,,,,,,,,,,,,,,,,,
42,Activity Recognition,What is the person doing?,playing tennis,http://images.cocodataset.org/val2017/000000018737.jpg,0,256,0.9826771850399177,-1.6336984634399414,R,0,,,,,,,,,,,,,,,,,,,,,,,,,,,,,,,,,,,,,,,,,,
43,Action Recognition,What action is being performed?,surfing,http://images.cocodataset.org/val2017/000000361268.jpg,5,273,0.9920567786855368,-1.0595378875732422,A,5,37.0,0.002176980145268023,8.0,0.002101925439511148,58.0,0.002153994515283164,29.0,0.0022061610464669226,0.9556541206059553,0.9463946303571862,0.9685490434771656,0.9148804427175335,15.0,0.002128406647905226,,,0.944623214254579,,,,,,,,,,,,,,,,,,,,,,,,,
44,Activity Recognition,What are the people doing?,sitting,http://images.cocodataset.org/val2017/000000334555.jpg,7,197,0.9977686739755725,-2.043616771697998,The,7,43.0,0.002145928365708931,15.0,0.00205321941642041,24.0,0.0020780067993673504,67.0,0.002119997564471202,0.9868140013739624,0.9664572819896989,0.9712286306293441,0.9773741707935701,69.0,0.002105618390665537,64.0,0.0021212102894730585,0.9859563089090135,0.9833875900391057,105.0,0.002102412328678016,0.9876953445983039,,,,,,,,,,,,,,,,,,,,,
45,Action Recognition,What is the cat doing?,sleeping,http://images.cocodataset.org/val2017/000000039769.jpg,4,246,0.9763246333264888,-0.8902792930603027,The,4,15.0,0.00431149246190684,24.0,0.003495065590253874,88.0,0.0036326192079121147,15.0,0.0033729935099870547,0.9967916319816366,0.967132018086354,0.9741761858548635,0.9543063494363562,,,,,,,,,,,,,,,,,,,,,,,,,,,,,,
46,Activity Recognition,What activity is shown?,skiing,http://images.cocodataset.org/val2017/000000502136.jpg,4,262,0.9882241838780457,-2.378267526626587,Walk,4,15.0,0.0023898637422115074,59.0,0.00251080412920031,22.0,0.0025927388846926453,28.0,0.0025610723277183444,0.9664572819896989,0.9511714509758197,0.9063593311749661,0.9701429793353155,,,,,,,,,,,,,,,,,,,,,,,,,,,,,,
47,Action Recognition,What is the person doing with the phone?,holding,http://images.cocodataset.org/val2017/000000532855.jpg,6,233,0.9935152299399431,-1.0632647275924683,The,6,15.0,0.0024803273082023972,28.0,0.002621672400719584,25.0,0.002790032608252049,15.0,0.0024417314913036054,0.9613833012053531,0.9426192363380043,0.9470920204059348,1.0,22.0,0.002444902290590318,28.0,0.0028689169780678025,0.973230191349899,0.9360652220417258,,,,,,,,,,,,,,,,,,,,,,,,
48,Activity Recognition,What sport is being played?,baseball,http://images.cocodataset.org/val2017/000000308430.jpg,7,262,0.9939984125490462,-0.6220934391021729,None,7,18.0,0.0023289461065150066,52.0,0.002286343700751883,29.0,0.0023083016862600054,16.0,0.0023347458670927275,0.9342064019134054,0.9653359308488453,0.9365895140018885,0.8957541375001011,62.0,0.0023365288678227087,41.0,0.0022917252587433433,0.9789222171224777,0.9554406913718826,15.0,0.002278723434104535,1.0,,,,,,,,,,,,,,,,,,,,,
49,Action Recognition,What is the dog doing?,standing,http://images.cocodataset.org/val2017/000000017627.jpg,8,239,0.9965038822598133,-1.0856308937072754,The,8,20.0,0.0022200488832072483,23.0,0.002263675712215453,63.0,0.0021871085164017257,15.0,0.0022173508971847886,0.951850848028674,0.9565831515652945,0.9717001319760642,0.9189900464321514,10.0,0.00215781017810049,15.0,0.0021248488262085924,0.8649735207179273,0.9949490477321437,17.0,0.002260977772668259,0.8091970544181966,15.0,0.002156232722588664,,,0.9609640474436811,,,,,,,,,,,,,,,,
50,Activity Recognition,What are the elephants doing?,walking,http://images.cocodataset.org/val2017/000000025393.jpg,1,238,0.9990985491309315,-1.2981114387512207,Walk,1,25.0,0.0030971885564951736,,,,,,,0.832890542803119,,,,,,,,,,,,,,,,,,,,,,,,,,,,,,,,,
52,Activity Recognition,What activity requires this equipment?,skiing,http://images.cocodataset.org/val2017/000000502136.jpg,4,293,0.9983465371843286,-2.6017630100250244,C,4,26.0,0.0019724022517804904,48.0,0.002014858829307407,17.0,0.0019767135605974545,88.0,0.001998344207780235,0.9982270255729266,0.9482996983468315,0.9878171319090819,0.9586130585906237,,,,,,,,,,,,,,,,,,,,,,,,,,,,,,
53,Interaction Recognition,How are the people interacting?,sitting together,http://images.cocodataset.org/val2017/000000334555.jpg,10,261,0.9987657230089734,-1.2552680969238281,In,10,15.0,0.0019273844486949224,30.0,0.0019369371571734027,16.0,0.0019177705015457067,27.0,0.0019409453827309649,1.0,0.9661783347580306,0.9681390622295665,0.9176043439688757,24.0,0.0019307290705771315,16.0,0.0019163195221465331,0.9712286306293441,0.9886085007312413,16.0,0.001936885200114481,0.9755307720176266,9.0,0.0019455347492674246,13.0,0.0019142456367617253,0.7642045065086203,0.9169636088209151,9.0,0.0019270541406198223,0.9910760598382222,,,,,,,,,,,,
54,Scene Understanding,Where is this scene taking place?,kitchen,http://images.cocodataset.org/val2017/000000322864.jpg,7,254,0.9978633564800642,-0.6403933167457581,New,7,27.0,0.0021481502485198286,36.0,0.0022075582993791283,76.0,0.00212654749190584,67.0,0.0021474776743808793,0.9564142500056078,0.9761409825967332,0.9829959133386001,0.97953328108387,15.0,0.002082038789756936,26.0,0.0021336476792014167,0.9664572819896989,0.9663243931957524,18.0,0.0021765769162775186,0.9342064019134055,,,,,,,,,,,,,,,,,,,,,
55,Environment Type,Is this indoors or outdoors?,outdoors,http://images.cocodataset.org/val2017/000000018737.jpg,3,233,0.9923860793120017,-0.10173408687114716,Out,3,24.0,0.002345848446592935,58.0,0.00237080060635146,29.0,0.002355713530881733,,,0.9795739585136224,0.9487286847878376,0.9782415097457728,,,,,,,,,,,,,,,,,,,,,,,,,,,,,,,
56,Scene Understanding,What type of room is this?,bedroom,http://images.cocodataset.org/val2017/000000356347.jpg,11,243,0.9992107148556049,-0.04156648367643356,K,11,21.0,0.0019049260019364017,18.0,0.0018922809818813775,16.0,0.0018860162700909731,72.0,0.0018896230971506853,0.9526841246715825,0.9758159039662214,0.9755307720176265,0.9738580223486633,40.0,0.0018924885983255626,36.0,0.00189361070307318,0.9616734342416563,0.9769853801932566,15.0,0.0018820939172822305,0.9877812438119247,32.0,0.0018942060184631944,17.0,0.0018893007329546338,0.9331283343729938,0.9878171319090819,17.0,0.0018892848843904487,0.9770358764490155,22.0,0.0018935438469139948,,,0.933816945485606,,,,,,,
57,Contextual Understanding,What is the purpose of this space?,cooking,http://images.cocodataset.org/val2017/000000322864.jpg,10,249,0.997911334038043,-1.7975407838821411,The,10,39.0,0.0021492807560744005,31.0,0.0021177232228962025,36.0,0.002085260865001512,19.0,0.002066340779378855,0.9777761597404581,0.9610541506765681,0.9474708343527999,0.9418071986717287,17.0,0.0021145097505187115,29.0,0.002095275930500317,0.8846148739279865,0.9905655791153918,25.0,0.002062531766983859,0.9790081411766279,16.0,0.0020612697754775855,33.0,0.002069748842399083,0.9618974703476992,0.9975615042420973,22.0,0.002086620198694813,0.9904129681145393,,,,,,,,,,,,
58,Scene Understanding,What type of location is shown?,park,http://images.cocodataset.org/val2017/000000334555.jpg,2,215,0.9986176413168286,-1.1921311616897583,City,2,114.0,0.0019218104836240281,27.0,0.0019209418164003137,,,,,0.9768989838434067,0.9913248349537365,,,,,,,,,,,,,,,,,,,,,,,,,,,,,,,,
59,Environment Type,Is this a natural or urban environment?,urban,http://images.cocodataset.org/val2017/000000138819.jpg,6,116,0.9982675112466268,-0.25776657462120056,Urban,6,23.0,0.002016522242554731,274.0,0.002016742182973152,20.0,0.001984285195426976,27.0,0.0019848775619798593,0.9926387952545109,0.9824209028515144,0.9843006345716333,0.9794773758936526,30.0,0.0019776286768260895,20.0,0.0019832608963607093,0.9925823876369816,0.9921503172858166,,,,,,,,,,,,,,,,,,,,,,,,
60,Scene Understanding,What setting is this?,beach,http://images.cocodataset.org/val2017/000000361268.jpg,9,202,0.9983405658490377,-0.8802231550216675,A,9,27.0,0.0019352831899471803,140.0,0.0019456646249754953,76.0,0.0019452785733936066,19.0,0.0019624025267559343,0.960267607603483,0.9850260057758011,0.9769403648563402,0.8693978806749074,16.0,0.001964824298917891,18.0,0.0019458103343223667,0.9886994082884974,0.9728825026363701,17.0,0.001969801407449739,0.9975025463691152,26.0,0.0019484169164326515,17.0,0.0019206013807953905,0.980618302361438,0.9519839065438831,,,,,,,,,,,,,,,
62,Scene Understanding,What kind of area is depicted?,street,http://images.cocodataset.org/val2017/000000109798.jpg,11,232,0.9947810461450957,-0.6095389127731323,K,11,19.0,0.00215650261643351,22.0,0.002181592145342005,35.0,0.00217132177428828,16.0,0.002169538220432902,0.9656476401164373,0.998145975216737,0.9577827825976706,0.886859507142915,17.0,0.002196022164464797,18.0,0.002160298925480039,0.9774178175281716,0.9206250851407773,18.0,0.002174597836171552,0.9342064019134054,21.0,0.0021735594872868695,129.0,0.002170321299401302,0.9095134728820528,0.977139162195647,67.0,0.002185161276997605,0.9642594538891192,33.0,0.002168863957987982,,,0.9622607854879222,,,,,,,
63,Environment Type,Is this a public or private space?,public,http://images.cocodataset.org/val2017/000000334555.jpg,3,288,0.9956011640467327,-0.1544196754693985,Public,3,15.0,0.002280669000209448,15.0,0.002336535232025753,15.0,0.00252397920378594,,,0.944623214254579,1.0,0.8443536850036224,,,,,,,,,,,,,,,,,,,,,,,,,,,,,,,
64,Scene Understanding,What venue is this?,sports field,http://images.cocodataset.org/val2017/000000308430.jpg,5,313,0.9993808717313306,-0.2433728277683258,K,5,67.0,0.0018752333504143068,26.0,0.0018750167982800722,17.0,0.0019045702752886423,22.0,0.0018828076590731886,0.9692974396401994,0.9846016942256396,0.9774178175281716,0.9747321513897027,44.0,0.0018795827580968005,,,0.9856201309211089,,,,,,,,,,,,,,,,,,,,,,,,,
65,Contextual Understanding,What is the setting of this image?,living room,http://images.cocodataset.org/val2017/000000087038.jpg,7,284,0.9979892562752735,-0.9241230487823486,A,7,15.0,0.0021575433421549563,19.0,0.002113466800797312,22.0,0.002091057726337505,18.0,0.0020804576275254127,0.9182958340544896,0.9826301639446198,0.97283015230032,0.9182958340544896,8.0,0.002008905256748627,25.0,0.0020386462777389103,0.985056822321508,0.9706252067822185,16.0,0.0020714398089594363,0.9248008763572907,,,,,,,,,,,,,,,,,,,,,
66,Temporal Reasoning,What time of day is it?,daytime,http://images.cocodataset.org/val2017/000000458109.jpg,14,177,0.9826006070915195,-1.1416642665863037,Day,14,16.0,0.0027149828285818354,25.0,0.0027071484556929885,22.0,0.0027151091577722036,15.0,0.0027317669718720833,0.8620485698650454,0.9828390276231687,0.8949645376549995,0.9967916319816366,22.0,0.0027061723925311636,17.0,0.00269546784070888,0.9477528103057692,0.9603948809345497,15.0,0.0026682012471164773,0.9654013672997089,11.0,0.002674071553051938,11.0,0.002627779657924271,0.826074224242703,0.9713067383178076,22.0,0.002655743349120197,0.9098596492561207,4.0,0.002570180753191235,64.0,0.002646105858738634,1.0,0.9667206800975726,16.0,0.0026695934341946044,40.0,0.0026548500362377613,0.8980898459737487,0.9610371466370555
67,Weather Recognition,What is the weather like?,sunny,http://images.cocodataset.org/val2017/000000458109.jpg,8,156,0.9984361686782138,-0.6325448751449585,Sun,8,52.0,0.0019854883699048243,10.0,0.0019548226327920854,190.0,0.0019883112693673253,14.0,0.0020158229605845724,0.9762601116123806,0.8649735207179273,0.9682040834028944,0.863120568566631,25.0,0.0020249694671192493,17.0,0.0019678460845016406,0.998561914578656,0.9256134079485958,16.0,0.001968683431042221,0.985056822321508,64.0,0.001976621581884305,,,0.9678572390109182,,,,,,,,,,,,,,,,
68,Temporal Reasoning,Is it day or night?,day,http://images.cocodataset.org/val2017/000000018737.jpg,9,245,0.9934804488424631,-0.30565914511680603,Day,9,25.0,0.0022921750782989286,22.0,0.0023355885899782585,9.0,0.0022655846864126734,18.0,0.0023745532210393936,0.968224758255977,0.9700357646545448,0.9910760598382222,0.9656336071428252,27.0,0.0023287796083544263,90.0,0.0023913344807323027,0.9330829761526955,0.9814493417291046,26.0,0.0023698257525115807,0.909530314711039,28.0,0.002351481201768865,17.0,0.0023597804052555194,0.9627569784274551,0.9770358764490155,,,,,,,,,,,,,,,
69,Weather Recognition,Is it raining?,no,http://images.cocodataset.org/val2017/000000285894.jpg,4,304,0.9968633323104411,-0.9103134870529175,Sun,4,15.0,0.0021155741751495527,15.0,0.002109011321803803,9.0,0.002103431314499297,34.0,0.002139938154217849,0.9664572819896989,0.982798115178801,0.9057125980138372,0.9792171830657912,,,,,,,,,,,,,,,,,,,,,,,,,,,,,,
70,Temporal Reasoning,What season does this appear to be?,summer,http://images.cocodataset.org/val2017/000000361268.jpg,6,300,0.998034328340992,-0.5226655006408691,Summer,6,26.0,0.0020927605604964877,17.0,0.0021590959661891697,26.0,0.002106491949127588,18.0,0.0020594123938426547,0.9934151417289491,0.8846148739279867,0.9785634767531909,0.9248127822568168,22.0,0.0020414768575680144,11.0,0.002040187023146941,0.9888167467420675,0.9713067383178076,,,,,,,,,,,,,,,,,,,,,,,,
71,Environmental Condition,Is it bright or dark?,bright,http://images.cocodataset.org/val2017/000000458109.jpg,0,259,0.9982096682235565,-0.4926770329475403,Bright,0,,,,,,,,,,,,,,,,,,,,,,,,,,,,,,,,,,,,,,,,,,
72,Temporal Reasoning,What part of the day is shown?,afternoon,http://images.cocodataset.org/val2017/000000334555.jpg,2,299,0.9946716492062978,-1.2842228412628174,Day,2,58.0,0.002311475746494862,21.0,0.0023423320657873373,,,,,0.9818326894334544,0.8751124386426176,,,,,,,,,,,,,,,,,,,,,,,,,,,,,,,,
73,Weather Recognition,Are there clouds in the sky?,yes,http://images.cocodataset.org/val2017/000000458109.jpg,10,325,0.9983789934957735,-0.3621687889099121,No,10,17.0,0.002000955269447992,18.0,0.0019825524151918365,27.0,0.0019952161955554843,26.0,0.0019707098299036976,0.8702290979524684,0.8826232641893705,0.9049069276923406,0.964563236385718,19.0,0.0019890880713905063,16.0,0.0019906883765069255,0.9826301639446198,0.8957541375001011,15.0,0.0019727704234877757,0.9877812438119247,15.0,0.0019702947822896016,17.0,0.0019637826920722167,0.9877812438119247,0.9856676426534905,16.0,0.0019669101009262033,0.9681390622295665,,,,,,,,,,,,
74,Environmental Condition,Is there natural light?,yes,http://images.cocodataset.org/val2017/000000018737.jpg,5,253,0.9989557315675067,-0.4320460855960846,Sun,5,15.0,0.001992756968351681,74.0,0.001973010128188242,19.0,0.002035893162928705,18.0,0.001986362651735689,0.9877812438119246,0.9696383013798227,0.9649618403823442,0.9206250851407773,37.0,0.001988879447784002,,,0.9925764681643132,,,,,,,,,,,,,,,,,,,,,,,,,
75,Temporal Reasoning,Does this look like morning or evening?,morning,http://images.cocodataset.org/val2017/000000125211.jpg,2,166,0.930527110919191,-1.014854907989502,Mor,2,201.0,0.006344169312154276,17.0,0.004863293573763348,,,,,0.985154743896827,0.9812327163481073,,,,,,,,,,,,,,,,,,,,,,,,,,,,,,,,
76,Yes/No,Is there a dog in the image?,yes,http://images.cocodataset.org/val2017/000000017627.jpg,7,232,0.994621171109622,-0.03723467141389847,No,7,16.0,0.0021910462899734917,77.0,0.0021660746294982517,20.0,0.0021438006784124672,14.0,0.002151242262475868,0.8194483718728035,0.9796111994237674,0.9737442138807325,0.995232557322099,50.0,0.0021613303918667256,11.0,0.002170182751611049,0.989355103011887,0.9940302114769565,57.0,0.0021588393328915915,0.9697534828867684,,,,,,,,,,,,,,,,,,,,,
77,Yes/No,Are the people indoors?,no,http://images.cocodataset.org/val2017/000000334555.jpg,9,277,0.9963668960967434,-0.16271576285362244,No,9,19.0,0.0021599044376090456,39.0,0.0021532710111449326,27.0,0.002132964601199982,65.0,0.002127081104517296,0.8693978806749074,0.9948803690533676,0.9303268625291959,0.9643229483265863,72.0,0.0021335898910551728,24.0,0.002159392801704481,0.9767088594359011,0.985056822321508,51.0,0.002128025083104648,0.9688476772627113,31.0,0.002142155779543871,18.0,0.00213008904064338,0.9417873215414798,0.9656336071428252,,,,,,,,,,,,,,,
78,Yes/No,Is it nighttime?,no,http://images.cocodataset.org/val2017/000000458109.jpg,4,293,0.9979611249676597,-0.3030392527580261,No,4,15.0,0.0020105758136637233,25.0,0.0019960567155075356,44.0,0.001972905272201351,57.0,0.00197747638924754,0.9182958340544896,0.9845127868218253,0.9883798938150675,0.980198979361821,,,,,,,,,,,,,,,,,,,,,,,,,,,,,,
79,Yes/No,Is there a laptop on the desk?,yes,http://images.cocodataset.org/val2017/000000231339.jpg,5,274,0.999099571492017,-0.00966760516166687,No,5,15.0,0.0018472591073635876,8.0,0.001850019301543385,25.0,0.001883928694798741,49.0,0.0018770554777360479,0.9949490477321437,1.0,0.9211460945412073,0.9724288982963394,22.0,0.001867515976936391,,,0.9849226290193991,,,,,,,,,,,,,,,,,,,,,,,,,
80,Yes/No,Are there multiple cats?,yes,http://images.cocodataset.org/val2017/000000039769.jpg,3,160,0.9989938086480697,-0.5061899423599243,No,3,81.0,0.001887798062326735,101.0,0.0019044701812451859,47.0,0.0018979183680859885,,,0.9835865981044172,0.9714896243789242,0.9578086826338711,,,,,,,,,,,,,,,,,,,,,,,,,,,,,,,
81,Yes/No,Is the person wearing a helmet?,yes,http://images.cocodataset.org/val2017/000000502136.jpg,0,276,0.9982086153358365,-0.004651559982448816,No,0,,,,,,,,,,,,,,,,,,,,,,,,,,,,,,,,,,,,,,,,,,
83,Yes/No,Is the bed unmade?,yes,http://images.cocodataset.org/val2017/000000356347.jpg,14,227,0.997553363278877,-0.33540257811546326,No,14,23.0,0.002066137401990446,23.0,0.002044040233791118,16.0,0.0020421415948618403,19.0,0.0020470236969115027,0.9932927654933185,0.9828913818695838,0.949701216438411,0.9975194757207203,18.0,0.00204095449344398,28.0,0.0020378963048039195,0.9915323997298832,0.9975904446236391,19.0,0.0020241149222061674,0.9720048748581784,25.0,0.002054724978309467,17.0,0.00205694796350069,0.925282216451617,0.8726389366057714,19.0,0.002049483898947235,0.9649618403823442,52.0,0.0020372193520698254,15.0,0.002041391839122179,0.9973154204035983,0.9018972358711528,22.0,0.0020223460328557554,16.0,0.0020313960208806943,0.9833753864788932,0.9965119062478288
84,Yes/No,Is there a traffic signal?,yes,http://images.cocodataset.org/val2017/000000138819.jpg,4,181,0.9981066237594655,-0.008260718546807766,No,4,62.0,0.0019491022781647474,32.0,0.0019348329971410965,97.0,0.001933226408089701,6.0,0.0019194608678707956,0.9642343766186411,0.9472212768774925,0.9919820676446482,1.0,,,,,,,,,,,,,,,,,,,,,,,,,,,,,,
85,Yes/No,Are there elephants in the image?,yes,http://images.cocodataset.org/val2017/000000025393.jpg,6,212,0.9986014796506776,-0.005712942220270634,No,6,30.0,0.001947198652920635,171.0,0.0019569223077520693,17.0,0.0019419822093288976,29.0,0.0019487979658407537,0.9840615335475156,0.9901249256556991,0.9856676426534906,0.9785463292474802,60.0,0.0019646623094497578,15.0,0.0019504275579857865,0.988082387912122,0.9018972358711528,,,,,,,,,,,,,,,,,,,,,,,,
86,Yes/No,Is someone holding an umbrella?,yes,http://images.cocodataset.org/val2017/000000285894.jpg,6,298,0.9905049765038276,-0.03501405194401741,No,6,26.0,0.002331111119086786,20.0,0.0023689792778292876,17.0,0.0023682969877686817,71.0,0.0023486667527461533,0.9743092791511181,0.9416915491145068,0.9878171319090819,0.9847558351734254,33.0,0.0023392434177083427,59.0,0.0023548252785838696,0.9557225707764107,0.9863427737402849,,,,,,,,,,,,,,,,,,,,,,,,
87,Yes/No,Is this a kitchen?,yes,http://images.cocodataset.org/val2017/000000322864.jpg,3,298,0.996652558824071,-0.0015008978080004454,No,3,16.0,0.002067480134556702,10.0,0.002056695917103387,9.0,0.002074902379871645,,,0.9886085007312412,0.9911594714322186,0.9910760598382222,,,,,,,,,,,,,,,,,,,,,,,,,,,,,,,
88,Yes/No,Is there a vehicle in the image?,yes,http://images.cocodataset.org/val2017/000000109798.jpg,4,272,0.9983631320200098,-0.032101742923259735,No,4,40.0,0.001965753720700644,17.0,0.0019333757581042753,16.0,0.0019447825871035398,19.0,0.0019541345092565806,0.9451584324091113,0.9719977955078913,0.9618974703476992,0.9720048748581784,,,,,,,,,,,,,,,,,,,,,,,,,,,,,,
89,Yes/No,Is someone surfing?,yes,http://images.cocodataset.org/val2017/000000361268.jpg,0,260,0.9973643852108901,-0.0067903948947787285,No,0,,,,,,,,,,,,,,,,,,,,,,,,,,,,,,,,,,,,,,,,,,
90,Yes/No,Is there a refrigerator visible?,yes,http://images.cocodataset.org/val2017/000000322844.jpg,4,331,0.9950120070990109,-0.008279048837721348,No,4,40.0,0.002158371741294768,17.0,0.0021246157352593506,16.0,0.002148694155374965,15.0,0.002121695312808016,0.9814294625625776,0.9771236998460402,0.9755307720176265,0.944623214254579,,,,,,,,,,,,,,,,,,,,,,,,,,,,,,
91,Knowledge Reasoning,What sport is being played?,baseball,http://images.cocodataset.org/val2017/000000308430.jpg,7,262,0.9939984125490462,-0.6220934391021729,None,7,18.0,0.0023289461065150066,52.0,0.002286343700751883,29.0,0.0023083016862600054,16.0,0.0023347458670927275,0.9342064019134054,0.9653359308488453,0.9365895140018885,0.8957541375001011,62.0,0.0023365288678227087,41.0,0.0022917252587433433,0.9789222171224777,0.9554406913718826,15.0,0.002278723434104535,1.0,,,,,,,,,,,,,,,,,,,,,
92,Knowledge Reasoning,What activity is this equipment used for?,skiing,http://images.cocodataset.org/val2017/000000502136.jpg,8,327,0.9994812835417382,-2.74042010307312,C,8,15.0,0.0018373762773367173,35.0,0.0018800109621841452,15.0,0.0018565934678553173,55.0,0.0018748427336369256,0.9949490477321437,0.9901408568199397,0.9654013672997089,0.9811655984564012,30.0,0.0018562086456698269,21.0,0.0018599813674889556,0.9809464023464665,0.9420864622689729,16.0,0.0018400352463816998,1.0,15.0,0.0018327726980723338,,,0.9949490477321437,,,,,,,,,,,,,,,,
93,Knowledge Reasoning,What game uses this type of equipment?,tennis,http://images.cocodataset.org/val2017/000000018737.jpg,3,74,0.9759616277117148,-0.9830080270767212,Motor,3,430.0,0.003952482878960226,23.0,0.004596197409045197,34.0,0.00387265484682869,,,0.9779821110731576,0.9876197168461962,0.9539814079728616,,,,,,,,,,,,,,,,,,,,,,,,,,,,,,,
94,Knowledge Reasoning,What is this type of vehicle called?,bus,http://images.cocodataset.org/val2017/000000109798.jpg,4,266,0.9908465782970276,-1.3203235864639282,Car,4,26.0,0.0024239376725429212,24.0,0.0025651732666198603,18.0,0.002489370126399636,32.0,0.0024348689080719516,0.9676179687213727,0.8915352422694193,0.9874687506009636,0.9924056671541609,,,,,,,,,,,,,,,,,,,,,,,,,,,,,,
96,Knowledge Reasoning,What water sport is shown?,surfing,http://images.cocodataset.org/val2017/000000361268.jpg,10,193,0.9933250681612803,-1.8047093152999878,None,10,68.0,0.002205620010735496,25.0,0.0021812656864779183,34.0,0.002223070395685615,34.0,0.0021856402748937197,0.9706198147091555,0.9837115354331802,0.9473842715764641,0.9617223671117476,50.0,0.002182637402870992,26.0,0.002225810506776704,0.9632169905879785,0.975031878218105,37.0,0.002204423337388915,0.9515196185588539,17.0,0.0022003603723517737,19.0,0.0021838828676176425,0.9878171319090819,0.9656476401164373,18.0,0.002212948119956171,0.9728825026363701,,,,,,,,,,,,
97,Knowledge Reasoning,What type of traffic control is visible?,traffic light,http://images.cocodataset.org/val2017/000000138819.jpg,9,170,0.9900566325966687,-1.656780481338501,None,9,95.0,0.0023422225586694776,142.0,0.0023637517209812334,17.0,0.002335310794098541,113.0,0.0023368776121035577,0.9754144723531364,0.994295209988961,0.9437600120884535,0.9945110885070421,27.0,0.0023217506645118423,26.0,0.002341307127349764,0.9928370275077354,0.9938866857439921,15.0,0.002312533955186296,0.9877812438119247,18.0,0.0023413443377818016,16.0,0.002320080486819578,0.9758159039662214,0.985056822321508,,,,,,,,,,,,,,,
98,Knowledge Reasoning,What is the function of this appliance?,food storage,http://images.cocodataset.org/val2017/000000322844.jpg,7,262,0.9992841022877077,-2.324521780014038,The,7,36.0,0.0019300444028013165,28.0,0.0019460739551847032,66.0,0.0019522965454173197,58.0,0.0019748153285766377,0.9781738191131022,0.9975904446236391,0.9757039086221089,0.958887391163196,28.0,0.002017602286817793,36.0,0.0020039761977696277,0.9460765162887963,0.99906627908592,20.0,0.0019785331769802046,0.9835386311891136,,,,,,,,,,,,,,,,,,,,,
